{"cameraMode":{"drawMode":0,"name":"Shaded","section":"Shading Mode"},"sceneLighting":true,"audioPlay":false,"sceneViewState":{"showFog":true,"showMaterialUpdate":false,"showSkybox":true,"showFlares":true,"showImageEffects":true,"showParticleSystems":true},"in2DMode":false,"pivot":{"x":-6.4189982414245609,"y":0.5765025615692139,"z":-10.19921875},"rotation":{"x":0.0769401416182518,"y":0.5936475396156311,"z":-0.0571659579873085,"w":0.7989975214004517},"size":56.96803665161133,"orthographic":true}